"0",""
"0","# heatmap using ggplot"
"0","# using reshape package to to generate input for the plot "
"0","library(reshape)"
"0","cor.mat <- round(cor(housing.dt[,!c(""chas"", ""cat.medv"")]),2) # rounded correlation matrix "
"0","melted.cor.mat <- melt(cor.mat) "
"0","ggplot(melted.cor.mat, aes(x = X1, y = X2, fill = value)) + "
"0","  scale_fill_gradient(low=""wheat"", high=""orangered"") +"
"0","  geom_tile() + "
"0","  geom_text(aes(x = X1, y = X2, label = value)) +"
"0","  ggtitle(""Which Variables Are Highly Correlated?"")"
"2","Error in FUN(X[[i]], ...) : object 'X1' not found
"
