{"chunk_definitions":[{"chunk_id":"cw253zipyuesr","chunk_label":"loadPackages","document_id":"EFBB2B2D","expansion_state":0,"options":{"engine":"r","label":"loadPackages","message":false,"results":"hide","warning":false},"row":25,"row_count":1,"visible":true},{"chunk_id":"cr3h2ebe299sd","chunk_label":"readData","document_id":"EFBB2B2D","expansion_state":0,"options":{"engine":"r","label":"readData"},"row":40,"row_count":1,"visible":true},{"chunk_id":"cl2iy45b2q4tv","chunk_label":"1Scatter","document_id":"EFBB2B2D","expansion_state":0,"options":{"engine":"r","label":"1Scatter"},"row":50,"row_count":1,"visible":true},{"chunk_id":"cvoidy9vqbg44","chunk_label":"2Barchart","document_id":"EFBB2B2D","expansion_state":0,"options":{"engine":"r","label":"2Barchart"},"row":80,"row_count":1,"visible":true},{"chunk_id":"czlz59wbkudz8","chunk_label":"3Histogram","document_id":"EFBB2B2D","expansion_state":0,"options":{},"row":89,"row_count":1,"visible":true},{"chunk_id":"csk7werbyrsuc","chunk_label":"4BoxPlot","document_id":"EFBB2B2D","expansion_state":0,"options":{},"row":98,"row_count":1,"visible":true},{"chunk_id":"c0zxf662d4vd9","chunk_label":"5Heatmaps","document_id":"EFBB2B2D","expansion_state":0,"options":{"engine":"r","label":"5Heatmaps","message":false,"warning":false},"row":116,"row_count":1,"visible":true},{"chunk_id":"cuy8inaqu5djf","chunk_label":"8ScatterPlotMatrix","document_id":"EFBB2B2D","expansion_state":0,"options":{"engine":"r","label":"8ScatterPlotMatrix","message":false},"row":142,"row_count":1,"visible":true}],"doc_write_time":1567640667}