{"chunk_definitions":[{"chunk_id":"ca5u8ycuk2ky2","chunk_label":"loadPackages","document_id":"F358CC67","expansion_state":0,"options":{"engine":"r","label":"loadPackages","message":false,"results":"hide","warning":false},"row":23,"row_count":1,"visible":true},{"chunk_id":"cp88j2dxfhcyo","chunk_label":"readData","document_id":"F358CC67","expansion_state":0,"options":{"engine":"r","label":"readData"},"row":34,"row_count":1,"visible":true},{"chunk_id":"cfd2fu41xkl0x","chunk_label":"corrMatrix","document_id":"F358CC67","expansion_state":0,"options":{"engine":"r","label":"corrMatrix"},"row":79,"row_count":1,"visible":true}],"doc_write_time":1568499677}