{"chunk_definitions":[{"chunk_id":"csetup_chunk","chunk_label":"setup","document_id":"E9FB0729","expansion_state":0,"options":{"engine":"r","include":false,"label":"setup"},"row":8,"row_count":1,"visible":true},{"chunk_id":"c8ng0udq6nrui","chunk_label":"loadPackages","document_id":"E9FB0729","expansion_state":0,"options":{"engine":"r","label":"loadPackages","message":false,"results":"hide","warning":false},"row":23,"row_count":1,"visible":true},{"chunk_id":"ccocax2n5pmhd","chunk_label":"readData","document_id":"E9FB0729","expansion_state":0,"options":{"engine":"r","label":"readData"},"row":36,"row_count":1,"visible":true},{"chunk_id":"ckmkwknn211iz","chunk_label":"question1","document_id":"E9FB0729","expansion_state":0,"options":{"engine":"r","label":"question1"},"row":100,"row_count":1,"visible":true},{"chunk_id":"ca9tdzj05lpsd","chunk_label":"BoxPlots","document_id":"E9FB0729","expansion_state":0,"options":{"engine":"r","label":"BoxPlots"},"row":150,"row_count":1,"visible":true},{"chunk_id":"cr8q9m22lpomu","chunk_label":"heatmap","document_id":"E9FB0729","expansion_state":0,"options":{"engine":"r","label":"heatmap"},"row":179,"row_count":1,"visible":true},{"chunk_id":"cek9ok4bwqxqp","chunk_label":"PCA","document_id":"E9FB0729","expansion_state":0,"options":{"engine":"r","label":"PCA","warning":false},"row":199,"row_count":1,"visible":true},{"chunk_id":"ctjjwkxh3donn","chunk_label":"PCA","document_id":"E9FB0729","expansion_state":0,"options":{"engine":"r","label":"PCA"},"row":211,"row_count":1,"visible":true}],"default_chunk_options":{"echo":true},"doc_write_time":1568590376,"working_dir":null}