"0","if(!require(""pacman"")) install.packages(""pacman"")"
"0","pacman::p_load(forecast, tidyverse, gplots, GGally, mosaic,"
"0","               scales, mosaic, mapproj, mlbench, data.table)"
"0","search() #list all packges loaded untill now"
"1"," [1]"
"1"," "".GlobalEnv""        "
"1"," ""package:mlbench""   "
"1"," ""package:mapproj""   "
"1"," ""package:maps""      "
"1","
"
"1"," [5]"
"1"," ""package:scales""    "
"1"," ""package:mosaic""    "
"1"," ""package:Matrix""    "
"1"," ""package:mosaicData"""
"1","
"
"1"," [9]"
"1"," ""package:ggformula"" "
"1"," ""package:ggstance""  "
"1"," ""package:lattice""   "
"1"," ""package:GGally""    "
"1","
"
"1","[13]"
"1"," ""package:gplots""    "
"1"," ""package:forecast""  "
"1"," ""package:data.table"""
"1"," ""package:ggmap""     "
"1","
"
"1","[17]"
"1"," ""package:reshape""   "
"1"," ""package:forcats""   "
"1"," ""package:stringr""   "
"1"," ""package:dplyr""     "
"1","
"
"1","[21]"
"1"," ""package:purrr""     "
"1"," ""package:readr""     "
"1"," ""package:tidyr""     "
"1"," ""package:tibble""    "
"1","
"
"1","[25]"
"1"," ""package:ggplot2""   "
"1"," ""package:tidyverse"" "
"1"," ""package:pacman""    "
"1"," ""tools:rstudio""     "
"1","
"
"1","[29]"
"1"," ""package:stats""     "
"1"," ""package:graphics""  "
"1"," ""package:grDevices"" "
"1"," ""package:utils""     "
"1","
"
"1","[33]"
"1"," ""package:datasets""  "
"1"," ""package:methods""   "
"1"," ""Autoloads""         "
"1"," ""package:base""      "
"1","
"
"0","theme_set(theme_classic()) #function from ggplot2 use theme_classic"
